DROP TABLE PAIS CASCADE CONSTRAINTS;
DROP TABLE REGION CASCADE CONSTRAINTS;
DROP TABLE SERVICIO_SALUD CASCADE CONSTRAINTS;
DROP TABLE ESPECIALIDAD CASCADE CONSTRAINTS;
DROP TABLE INSTITUCION CASCADE CONSTRAINTS;
DROP TABLE PROGRAMA_ESPECIALIZACION CASCADE CONSTRAINTS;
DROP TABLE ANTECEDENTES_PERSONALES CASCADE CONSTRAINTS;
DROP TABLE ANTECEDENTES_LABORALES CASCADE CONSTRAINTS;
DROP TABLE POSTULACION_PROGRAMA_ESPEC CASCADE CONSTRAINTS;
DROP TABLE DETALLE_PUNTAJE_POSTULACION CASCADE CONSTRAINTS;
DROP TABLE RESULTADO_POSTULACION CASCADE CONSTRAINTS;
DROP TABLE PTJE_ANNOS_EXPERIENCIA CASCADE CONSTRAINTS;
DROP TABLE PTJE_RANKING_INST CASCADE CONSTRAINTS;
DROP TABLE PTJE_ZONA_EXTREMA CASCADE CONSTRAINTS;
DROP TABLE PTJE_HORAS_TRABAJO CASCADE CONSTRAINTS;
DROP TABLE ERROR_PROCESO;
DROP SEQUENCE SEQ_REGION;
DROP SEQUENCE SEQ_PAIS;
DROP SEQUENCE SEQ_INST;
DROP SEQUENCE SEQ_PROG_ESP;
DROP SEQUENCE SEQ_SERV_SALUD;

CREATE SEQUENCE SEQ_SERV_SALUD START WITH 10 INCREMENT BY 10;
CREATE SEQUENCE SEQ_REGION;
CREATE SEQUENCE SEQ_PROG_ESP START WITH 1000 INCREMENT BY 1;
CREATE SEQUENCE SEQ_PAIS START WITH 10 INCREMENT BY 1;
CREATE SEQUENCE SEQ_INST START WITH 5 INCREMENT BY 5;

CREATE TABLE PAIS
(cod_pais NUMBER(3) NOT NULL,
 nombre_pais VARCHAR2(30) NOT NULL,
 CONSTRAINT PK_PAIS PRIMARY KEY(cod_pais));

CREATE TABLE REGION
(cod_region  NUMBER(3) NOT NULL,
 nombre_region VARCHAR2(50) NOT NULL,
 CONSTRAINT PK_REGION PRIMARY KEY(cod_region));  
 
CREATE TABLE SERVICIO_SALUD
(cod_serv_salud NUMBER(5) NOT NULL,
 desc_serv_salud VARCHAR2(50) NOT NULL,
 zona_extrema NUMBER(2),
 cod_region  NUMBER(3) NOT NULL,
 CONSTRAINT PK_SERVICIO_SALUD PRIMARY KEY(cod_serv_salud),
 CONSTRAINT FK_SERV_SALUD_REGION FOREIGN KEY(cod_region) REFERENCES REGION(cod_region));
 
CREATE TABLE ESPECIALIDAD(
cod_esp NUMBER (4) NOT NULL,
nombre VARCHAR2 (40) NOT NULL,
CONSTRAINT PK_ESPECIALIDAD PRIMARY KEY(cod_esp));

CREATE TABLE ANTECEDENTES_PERSONALES
(numrun NUMBER (8) NOT NULL,
dvrun VARCHAR (1) NOT NULL,
pnombre VARCHAR2 (15) NOT NULL,
snombre VARCHAR2 (15),
apaterno VARCHAR2 (15) NOT NULL,
amaterno VARCHAR2 (15) NOT NULL,
fecha_nacimiento DATE NOT NULL,
telefono_contacto NUMBER (11),
cod_esp NUMBER (4) NOT NULL,
CONSTRAINT PK_ANT_PERSONALES PRIMARY KEY(numrun),
CONSTRAINT FK_ANT_PER_ESP FOREIGN KEY(cod_esp) REFERENCES ESPECIALIDAD(cod_esp)); 

CREATE TABLE ANTECEDENTES_LABORALES
(numrun NUMBER (8) NOT NULL,
 fecha_contrato DATE NOT NULL,
 horas_semanales NUMBER(2) NOT NULL,
 establecimiento VARCHAR2(80) NOT NULL,
 cod_serv_salud NUMBER(5) NOT NULL,
 CONSTRAINT PK_ANT_LABORALES PRIMARY KEY(numrun,fecha_contrato),
 CONSTRAINT FK_ANT_LAB_ANT_PER FOREIGN KEY(numrun) REFERENCES ANTECEDENTES_PERSONALES(numrun),
 CONSTRAINT FK_ANT_LAB_SERVSALUD FOREIGN KEY(cod_serv_salud) REFERENCES SERVICIO_SALUD(cod_serv_salud));

CREATE TABLE INSTITUCION
(cod_inst NUMBER(4) NOT NULL,
 nombre_inst VARCHAR2(60) NOT NULL,
 ranking NUMBER(5) NOT NULL,
 cod_pais NUMBER(3),
 CONSTRAINT PK_INSTITUCION PRIMARY KEY(cod_inst),
 CONSTRAINT FK_INST_PAIS FOREIGN KEY(cod_pais) REFERENCES PAIS(cod_pais));
 
CREATE TABLE PROGRAMA_ESPECIALIZACION
(cod_programa NUMBER(7) NOT NULL,
 desc_programa VARCHAR2(50) NOT NULL,
 cod_inst NUMBER(4) NOT NULL,
 CONSTRAINT PK_PROG_ESP PRIMARY KEY(cod_programa),
 CONSTRAINT FK_PROG_ESP_INST FOREIGN KEY(cod_inst) REFERENCES INSTITUCION(cod_inst));
 
CREATE TABLE POSTULACION_PROGRAMA_ESPEC
(numrun NUMBER (8) NOT NULL,
cod_programa NUMBER(7) NOT NULL,
fecha_inicio DATE NOT NULL,
fecha_termino DATE NOT NULL,
CONSTRAINT PK_POST_PROG_ESP PRIMARY KEY(numrun),
CONSTRAINT FK_POST_PROG_ESP_ANTPER FOREIGN KEY(numrun) REFERENCES ANTECEDENTES_PERSONALES(numrun),
CONSTRAINT FK_POST_PROG_ESP_PROG FOREIGN KEY(cod_programa) REFERENCES PROGRAMA_ESPECIALIZACION(cod_programa));

CREATE TABLE DETALLE_PUNTAJE_POSTULACION
(run_postulante VARCHAR2(13) NOT NULL,
 nombre_postulante VARCHAR2(60) NOT NULL,
 ptje_annos_exp NUMBER(4) NOT NULL,
 ptje_horas_trab NUMBER(4) NOT NULL,
 ptje_zona_extrema NUMBER(4) NOT NULL,
 ptje_ranking_inst NUMBER(4) NOT NULL,
 ptje_extra_1 NUMBER(4) NOT NULL,
 ptje_extra_2 NUMBER(4) NOT NULL,
 CONSTRAINT PK_DET_PTJE_POST PRIMARY KEY(run_postulante));
 
CREATE TABLE RESULTADO_POSTULACION
(run_postulante VARCHAR2(13) NOT NULL,
 ptje_final_post NUMBER(6) NOT NULL,
 resultado_post VARCHAR2(20) NOT NULL,
 CONSTRAINT PK_RESULT_POST PRIMARY KEY(run_postulante));
 
CREATE TABLE ERROR_PROCESO
(numrun NUMBER(8) NOT NULL,
 rutina_error VARCHAR2(100) NOT NULL, 
 mensaje_error VARCHAR(250) NOT NULL,
 CONSTRAINT PK_ERROR_PROCESO PRIMARY KEY(numrun));
 
CREATE TABLE PTJE_ANNOS_EXPERIENCIA
(rango_annos_ini NUMBER(2) NOT NULL,
 rango_annos_ter NUMBER(2) NOT NULL,
 ptje_experiencia NUMBER(4) NOT NULL,
 CONSTRAINT PK_PTJE_ANNOS_EXP PRIMARY KEY(rango_annos_ini));
 
CREATE TABLE PTJE_HORAS_TRABAJO
(rango_horas_ini NUMBER(2) NOT NULL,
 rango_horas_ter NUMBER(2) NOT NULL,
 ptje_horas_trab NUMBER(4) NOT NULL,
 CONSTRAINT PK_PTJE_HORAS_TRAB PRIMARY KEY(rango_horas_ini));
 
CREATE TABLE PTJE_RANKING_INST
(rango_ranking_ini NUMBER(3) NOT NULL,
 rango_ranking_ter NUMBER(3) NOT NULL,
 ptje_ranking NUMBER(4) NOT NULL,
 CONSTRAINT PK_PTJE_RANKING_INST PRIMARY KEY(rango_ranking_ini));

CREATE TABLE PTJE_ZONA_EXTREMA
(zona_extrema NUMBER(2) NOT NULL,
 ptje_zona NUMBER(4) NOT NULL,
 CONSTRAINT PK_PTJE_ZONA_EXT PRIMARY KEY(zona_extrema));
 
INSERT INTO PTJE_ANNOS_EXPERIENCIA VALUES(13,15,1000);
INSERT INTO PTJE_ANNOS_EXPERIENCIA VALUES(16,20,1200);
INSERT INTO PTJE_ANNOS_EXPERIENCIA VALUES(21,23,1300);
INSERT INTO PTJE_ANNOS_EXPERIENCIA VALUES(24,26,1400);
INSERT INTO PTJE_ANNOS_EXPERIENCIA VALUES(27,30,1600);
 
INSERT INTO PTJE_HORAS_TRABAJO VALUES(10,15,1000);
INSERT INTO PTJE_HORAS_TRABAJO VALUES(16,20,1200);
INSERT INTO PTJE_HORAS_TRABAJO VALUES(21,25,1300);
INSERT INTO PTJE_HORAS_TRABAJO VALUES(26,30,1400);
INSERT INTO PTJE_HORAS_TRABAJO VALUES(31,35,1600);
INSERT INTO PTJE_HORAS_TRABAJO VALUES(36,40,1800); 
 
INSERT INTO PTJE_RANKING_INST VALUES(1,10,1600);
INSERT INTO PTJE_RANKING_INST VALUES(11,20,1500);
INSERT INTO PTJE_RANKING_INST VALUES(21,30,1400);
INSERT INTO PTJE_RANKING_INST VALUES(31,40,1300);
INSERT INTO PTJE_RANKING_INST VALUES(41,100,1200);
INSERT INTO PTJE_RANKING_INST VALUES(101,150,1100);
INSERT INTO PTJE_RANKING_INST VALUES(151,200,1000);
  
INSERT INTO PTJE_ZONA_EXTREMA VALUES(1,1000);
INSERT INTO PTJE_ZONA_EXTREMA VALUES(2,1100);
INSERT INTO PTJE_ZONA_EXTREMA VALUES(3,1200);
INSERT INTO PTJE_ZONA_EXTREMA VALUES(4,1300);
INSERT INTO PTJE_ZONA_EXTREMA VALUES(5,1400);
 
INSERT INTO PAIS VALUES(SEQ_PAIS.NEXTVAL,'ALEMANIA');
INSERT INTO PAIS VALUES(SEQ_PAIS.NEXTVAL,'BRASIL');
INSERT INTO PAIS VALUES(SEQ_PAIS.NEXTVAL,'CANADA');
INSERT INTO PAIS VALUES(SEQ_PAIS.NEXTVAL,'CHINA');
INSERT INTO PAIS VALUES(SEQ_PAIS.NEXTVAL,'ESPAÑA');
INSERT INTO PAIS VALUES(SEQ_PAIS.NEXTVAL,'ESTADOS UNIDOS');
INSERT INTO PAIS VALUES(SEQ_PAIS.NEXTVAL,'REINO UNIDO');

INSERT INTO INSTITUCION VALUES(SEQ_INST.NEXTVAL,'Humboldt University of Berlin',68,10);
INSERT INTO INSTITUCION VALUES(SEQ_INST.NEXTVAL,'University of Munich',115,10);
INSERT INTO INSTITUCION VALUES(SEQ_INST.NEXTVAL,'University of Stuttgart',119,10);
INSERT INTO INSTITUCION VALUES(SEQ_INST.NEXTVAL,'Universidade de Sao Paulo',100,11);
INSERT INTO INSTITUCION VALUES(SEQ_INST.NEXTVAL,'University of Toronto',2,12);
INSERT INTO INSTITUCION VALUES(SEQ_INST.NEXTVAL,'University of Montreal',50,12);
INSERT INTO INSTITUCION VALUES(SEQ_INST.NEXTVAL,'University of Ottawa',80,12);
INSERT INTO INSTITUCION VALUES(SEQ_INST.NEXTVAL,'Peking University',10,13);
INSERT INTO INSTITUCION VALUES(SEQ_INST.NEXTVAL,'Shanghai Jiao Tong University',20,13);
INSERT INTO INSTITUCION VALUES(SEQ_INST.NEXTVAL,'University of Barcelona',34,14);
INSERT INTO INSTITUCION VALUES(SEQ_INST.NEXTVAL,'Autonomous University of Barcelona',173,14);
INSERT INTO INSTITUCION VALUES(SEQ_INST.NEXTVAL,'Stanford University',9,15);
INSERT INTO INSTITUCION VALUES(SEQ_INST.NEXTVAL,'Harvard University',1, 15);
INSERT INTO INSTITUCION VALUES(SEQ_INST.NEXTVAL,'University of Chicago',17,15);
INSERT INTO INSTITUCION VALUES(SEQ_INST.NEXTVAL,'Columbia University',14, 15);
INSERT INTO INSTITUCION VALUES(SEQ_INST.NEXTVAL,'University of Pennsylvania',4,15);
INSERT INTO INSTITUCION VALUES(SEQ_INST.NEXTVAL,'Yale University',12,15);
INSERT INTO INSTITUCION VALUES(SEQ_INST.NEXTVAL,'Columbia University',14,15);
INSERT INTO INSTITUCION VALUES(SEQ_INST.NEXTVAL,'University College London',5,16);
INSERT INTO INSTITUCION VALUES(SEQ_INST.NEXTVAL,'University of Cambridge',52,16);
INSERT INTO INSTITUCION VALUES(SEQ_INST.NEXTVAL,'University of Oxford',23,16);

INSERT INTO PROGRAMA_ESPECIALIZACION VALUES(SEQ_PROG_ESP.NEXTVAL,'Andrología',5);
INSERT INTO PROGRAMA_ESPECIALIZACION VALUES(SEQ_PROG_ESP.NEXTVAL,'Cirugía Nivel Medio',5);
INSERT INTO PROGRAMA_ESPECIALIZACION VALUES(SEQ_PROG_ESP.NEXTVAL,'Dermatología',10);
INSERT INTO PROGRAMA_ESPECIALIZACION VALUES(SEQ_PROG_ESP.NEXTVAL,'Endocrinología y Metabolismo',15);
INSERT INTO PROGRAMA_ESPECIALIZACION VALUES(SEQ_PROG_ESP.NEXTVAL,'Enfermedad Vascular Periférica',20);
INSERT INTO PROGRAMA_ESPECIALIZACION VALUES(SEQ_PROG_ESP.NEXTVAL,'Gastroenterología y Hepatología',25);
INSERT INTO PROGRAMA_ESPECIALIZACION VALUES(SEQ_PROG_ESP.NEXTVAL,'Gerontología',25);
INSERT INTO PROGRAMA_ESPECIALIZACION VALUES(SEQ_PROG_ESP.NEXTVAL,'Hematología',30);
INSERT INTO PROGRAMA_ESPECIALIZACION VALUES(SEQ_PROG_ESP.NEXTVAL,'Medicina de Emergencia',30);
INSERT INTO PROGRAMA_ESPECIALIZACION VALUES(SEQ_PROG_ESP.NEXTVAL,'Medicina Intensiva',35);
INSERT INTO PROGRAMA_ESPECIALIZACION VALUES(SEQ_PROG_ESP.NEXTVAL,'Neuroimagen',40);
INSERT INTO PROGRAMA_ESPECIALIZACION VALUES(SEQ_PROG_ESP.NEXTVAL,'Neurología Clínica',45);
INSERT INTO PROGRAMA_ESPECIALIZACION VALUES(SEQ_PROG_ESP.NEXTVAL,'Odontología, Medicina y Cirugía Oral',50);
INSERT INTO PROGRAMA_ESPECIALIZACION VALUES(SEQ_PROG_ESP.NEXTVAL,'Oftalmología',55);
INSERT INTO PROGRAMA_ESPECIALIZACION VALUES(SEQ_PROG_ESP.NEXTVAL,'Oncología',60);
INSERT INTO PROGRAMA_ESPECIALIZACION VALUES(SEQ_PROG_ESP.NEXTVAL,'Ortopedia',65);
INSERT INTO PROGRAMA_ESPECIALIZACION VALUES(SEQ_PROG_ESP.NEXTVAL,'Otorrinolaringología',70);
INSERT INTO PROGRAMA_ESPECIALIZACION VALUES(SEQ_PROG_ESP.NEXTVAL,'Psiquiatría',75);
INSERT INTO PROGRAMA_ESPECIALIZACION VALUES(SEQ_PROG_ESP.NEXTVAL,'Radiología, Imagen Médica y Medicina Nuclear',80);
INSERT INTO PROGRAMA_ESPECIALIZACION VALUES(SEQ_PROG_ESP.NEXTVAL,'Reumatología',85);
INSERT INTO PROGRAMA_ESPECIALIZACION VALUES(SEQ_PROG_ESP.NEXTVAL,'Sistema Respiratorio',90);
INSERT INTO PROGRAMA_ESPECIALIZACION VALUES(SEQ_PROG_ESP.NEXTVAL,'Sistemas Cardiaco y Cardiovascular',95);
INSERT INTO PROGRAMA_ESPECIALIZACION VALUES(SEQ_PROG_ESP.NEXTVAL,'Nuevos Tratamientos Reumatología',100);
INSERT INTO PROGRAMA_ESPECIALIZACION VALUES(SEQ_PROG_ESP.NEXTVAL,'Medicina Intensiva',105);
INSERT INTO PROGRAMA_ESPECIALIZACION VALUES(SEQ_PROG_ESP.NEXTVAL,'Innovación Oncológica',60);
INSERT INTO PROGRAMA_ESPECIALIZACION VALUES(SEQ_PROG_ESP.NEXTVAL,'Oncología Infantil',65);

INSERT INTO REGION VALUES(SEQ_REGION.NEXTVAL,'Arica y Parinacota');
INSERT INTO REGION VALUES(SEQ_REGION.NEXTVAL,'Tarapacá');
INSERT INTO REGION VALUES(SEQ_REGION.NEXTVAL,'Antofagasta');
INSERT INTO REGION VALUES(SEQ_REGION.NEXTVAL,'Atacama');
INSERT INTO REGION VALUES(SEQ_REGION.NEXTVAL,'Coquimbo');
INSERT INTO REGION VALUES(SEQ_REGION.NEXTVAL,'Valparaíso');
INSERT INTO REGION VALUES(SEQ_REGION.NEXTVAL,'Metropolitana');
INSERT INTO REGION VALUES(SEQ_REGION.NEXTVAL,'O'|| ''''||'Higgins');
INSERT INTO REGION VALUES(SEQ_REGION.NEXTVAL,'Maule');
INSERT INTO REGION VALUES(SEQ_REGION.NEXTVAL,'Ñuble');
INSERT INTO REGION VALUES(SEQ_REGION.NEXTVAL,'Bío-Bío');
INSERT INTO REGION VALUES(SEQ_REGION.NEXTVAL,'La Araucanía');
INSERT INTO REGION VALUES(SEQ_REGION.NEXTVAL,'Los Ríos');
INSERT INTO REGION VALUES(SEQ_REGION.NEXTVAL,'Los Lagos');
INSERT INTO REGION VALUES(SEQ_REGION.NEXTVAL,'Aysén');
INSERT INTO REGION VALUES(SEQ_REGION.NEXTVAL,'Magallanes');

INSERT INTO SERVICIO_SALUD VALUES(SEQ_SERV_SALUD.NEXTVAL,'Arica Parinacota',1,1);
INSERT INTO SERVICIO_SALUD VALUES(SEQ_SERV_SALUD.NEXTVAL,'Iquique y Tarapacá',2,2);
INSERT INTO SERVICIO_SALUD VALUES(SEQ_SERV_SALUD.NEXTVAL,'Antofagasta',NULL,3);
INSERT INTO SERVICIO_SALUD VALUES(SEQ_SERV_SALUD.NEXTVAL,'Atacama',NULL,4);
INSERT INTO SERVICIO_SALUD VALUES(SEQ_SERV_SALUD.NEXTVAL,'Coquimbo',NULL,5);
INSERT INTO SERVICIO_SALUD VALUES(SEQ_SERV_SALUD.NEXTVAL,'Valparaíso-San Antonio',NULL,6);
INSERT INTO SERVICIO_SALUD VALUES(SEQ_SERV_SALUD.NEXTVAL,'Viña del Mar-Quillota',NULL,6);
INSERT INTO SERVICIO_SALUD VALUES(SEQ_SERV_SALUD.NEXTVAL,'Aconcagua',NULL,6);
INSERT INTO SERVICIO_SALUD VALUES(SEQ_SERV_SALUD.NEXTVAL,'Central',NULL,7);
INSERT INTO SERVICIO_SALUD VALUES(SEQ_SERV_SALUD.NEXTVAL,'Sur',NULL,7);
INSERT INTO SERVICIO_SALUD VALUES(SEQ_SERV_SALUD.NEXTVAL,'Sur-Oriente',NULL,7);
INSERT INTO SERVICIO_SALUD VALUES(SEQ_SERV_SALUD.NEXTVAL,'Oriente',NULL,7);
INSERT INTO SERVICIO_SALUD VALUES(SEQ_SERV_SALUD.NEXTVAL,'Norte',NULL,7);
INSERT INTO SERVICIO_SALUD VALUES(SEQ_SERV_SALUD.NEXTVAL,'Occidente',NULL,7);
INSERT INTO SERVICIO_SALUD VALUES(SEQ_SERV_SALUD.NEXTVAL,'O'|| ''''||'Higgins',NULL,8);
INSERT INTO SERVICIO_SALUD VALUES(SEQ_SERV_SALUD.NEXTVAL,'Maule',NULL,9);
INSERT INTO SERVICIO_SALUD VALUES(SEQ_SERV_SALUD.NEXTVAL,'Ñuble',NULL,10);
INSERT INTO SERVICIO_SALUD VALUES(SEQ_SERV_SALUD.NEXTVAL,'Concepción',NULL,11);
INSERT INTO SERVICIO_SALUD VALUES(SEQ_SERV_SALUD.NEXTVAL,'Talcahuano',NULL,11);
INSERT INTO SERVICIO_SALUD VALUES(SEQ_SERV_SALUD.NEXTVAL,'Biobío',NULL,11);
INSERT INTO SERVICIO_SALUD VALUES(SEQ_SERV_SALUD.NEXTVAL,'Arauco',NULL,11);
INSERT INTO SERVICIO_SALUD VALUES(SEQ_SERV_SALUD.NEXTVAL,'Araucanía Sur',NULL,12);
INSERT INTO SERVICIO_SALUD VALUES(SEQ_SERV_SALUD.NEXTVAL,'Araucanía Norte',NULL,12);
INSERT INTO SERVICIO_SALUD VALUES(SEQ_SERV_SALUD.NEXTVAL,'Valdivia',NULL,13);
INSERT INTO SERVICIO_SALUD VALUES(SEQ_SERV_SALUD.NEXTVAL,'Osorno',NULL,14);
INSERT INTO SERVICIO_SALUD VALUES(SEQ_SERV_SALUD.NEXTVAL,'Reloncaví',NULL,14);
INSERT INTO SERVICIO_SALUD VALUES(SEQ_SERV_SALUD.NEXTVAL,'Chiloé',3,14);
INSERT INTO SERVICIO_SALUD VALUES(SEQ_SERV_SALUD.NEXTVAL,'Aysén',4,15);
INSERT INTO SERVICIO_SALUD VALUES(SEQ_SERV_SALUD.NEXTVAL,'Magallanes',5,16);

INSERT INTO  especialidad VALUES('100','Cirugía General');
INSERT INTO  especialidad VALUES('200','Ortopedia y Traumatología');
INSERT INTO  especialidad VALUES('300','Dermatología');
INSERT INTO  especialidad VALUES('400','Inmunología');
INSERT INTO  especialidad VALUES('500','Fisiatría');
INSERT INTO  especialidad VALUES('600','Medicina Interna');
INSERT INTO  especialidad VALUES('700','Medicina General');
INSERT INTO  especialidad VALUES('800','Neurología');
INSERT INTO  especialidad VALUES('900','Otorrinolaringología');
INSERT INTO  especialidad VALUES('1000','Oftalmología');
INSERT INTO  especialidad VALUES('1100','Psiquiatría Adultos');
INSERT INTO  especialidad VALUES('1200','Urología');
INSERT INTO  especialidad VALUES('1300','Cirugía Cardiovascular');
INSERT INTO  especialidad VALUES('1400','Cirugía Digestiva');
INSERT INTO  especialidad VALUES('1500','Cardiología');
INSERT INTO  especialidad VALUES('1600','Gastroenterología');
INSERT INTO  especialidad VALUES('1700','Oncología Médica');
INSERT INTO  especialidad VALUES('1800','Reumatología');
INSERT INTO  especialidad VALUES('1900','Cirugía Plástica');

INSERT INTO  ANTECEDENTES_PERSONALES VALUES(3126425,'1','Gregoria','Regina','Gonzalez','Castillo','21-08-'||TO_CHAR(EXTRACT(YEAR FROM SYSDATE)-50),56943757343,900);
INSERT INTO  ANTECEDENTES_PERSONALES VALUES(5588583,'4','Maria','Margarita','Fernandez','Fernandez','23-08-'||TO_CHAR(EXTRACT(YEAR FROM SYSDATE)-45),56986067331,1300);
INSERT INTO  ANTECEDENTES_PERSONALES VALUES(3490261,'5','Margarita','Andrea','Cares','Urrutia','09-05-'||TO_CHAR(EXTRACT(YEAR FROM SYSDATE)-45),56960882196,800);
INSERT INTO  ANTECEDENTES_PERSONALES VALUES(6231787,'6','Lucinda','Carmen','Soto','Figueroa','24-08-'||TO_CHAR(EXTRACT(YEAR FROM SYSDATE)-32),56937479887,900);
INSERT INTO  ANTECEDENTES_PERSONALES VALUES(6010332,'1','Rosa','Elena','Caceres','Ferrada','04-07-'||TO_CHAR(EXTRACT(YEAR FROM SYSDATE)-31),56937479884,200);
INSERT INTO  ANTECEDENTES_PERSONALES VALUES(6117105,'3','Margarita','Sandra','Gutierrez','Rebolledo','15-05-'||TO_CHAR(EXTRACT(YEAR FROM SYSDATE)-36),56918781007,200);
INSERT INTO  ANTECEDENTES_PERSONALES VALUES(6475751,'2','Basilia','Elena','Cid','Cid','27-09-'||TO_CHAR(EXTRACT(YEAR FROM SYSDATE)-41),56932544703,200);
INSERT INTO  ANTECEDENTES_PERSONALES VALUES(7327526,'1','Santos','Abelardo','Reyes','Chavez','2-06-'||TO_CHAR(EXTRACT(YEAR FROM SYSDATE)-35),56932263754,200);
INSERT INTO  ANTECEDENTES_PERSONALES VALUES(6783834,'3','Ana','Rosario','Betanzo','Gacitua','20-04-'||TO_CHAR(EXTRACT(YEAR FROM SYSDATE)-30),56954933889,400);
INSERT INTO  ANTECEDENTES_PERSONALES VALUES(9169312,'7','Francisco','Cristian','Fuentes','Monsalve','11-12-'||TO_CHAR(EXTRACT(YEAR FROM SYSDATE)-35),56954216826,400);
INSERT INTO  ANTECEDENTES_PERSONALES VALUES(14284031,'6','Luis','Guillermo','Jara','Urbina','25-03-'||TO_CHAR(EXTRACT(YEAR FROM SYSDATE)-45),56937342030,400);
INSERT INTO  ANTECEDENTES_PERSONALES VALUES(6751207,'3','Delmira','Carmen','Sepulveda','Peña','05-08-'||TO_CHAR(EXTRACT(YEAR FROM SYSDATE)-41),56991869103,1500);
INSERT INTO  ANTECEDENTES_PERSONALES VALUES(10834039,'8','Jose','Alberto','Badilla','Leal','11-03-'||TO_CHAR(EXTRACT(YEAR FROM SYSDATE)-45),56935221206,1800);
INSERT INTO  ANTECEDENTES_PERSONALES VALUES(11959315,'8','Ana','Maria','Escobar','Montero','17-11-'||TO_CHAR(EXTRACT(YEAR FROM SYSDATE)-45),56939539356,800);
INSERT INTO  ANTECEDENTES_PERSONALES VALUES(13604392,'7','Blanca','Regina','Mendoza','Rojas','19-02-'||TO_CHAR(EXTRACT(YEAR FROM SYSDATE)-29),56970510282,1100);
INSERT INTO  ANTECEDENTES_PERSONALES VALUES(14490825,'2','Gloria','Isabel','Hernandez','Zapata','07-12-'||TO_CHAR(EXTRACT(YEAR FROM SYSDATE)-31),56972531275,1700);
INSERT INTO  ANTECEDENTES_PERSONALES VALUES(4808258,'0','Policarpo','Hipolito','Urrutia','Muñoz','14-08-'||TO_CHAR(EXTRACT(YEAR FROM SYSDATE)-37),56948576648,700);
INSERT INTO  ANTECEDENTES_PERSONALES VALUES(6543007,'K','Maureen','Susan','Clemo','Turner','16-08-'||TO_CHAR(EXTRACT(YEAR FROM SYSDATE)-50),56995507317,300);
INSERT INTO  ANTECEDENTES_PERSONALES VALUES(3943337,'0','Isidoro','Eduardo','Ordenes','Hormazabal','23-06-'||TO_CHAR(EXTRACT(YEAR FROM SYSDATE)-31),56921581272,300);
INSERT INTO  ANTECEDENTES_PERSONALES VALUES(5644453,'K','Manuel','Carlos','Aravena','Fuentealba','28-07-'||TO_CHAR(EXTRACT(YEAR FROM SYSDATE)-40),56916304907,300);
INSERT INTO  ANTECEDENTES_PERSONALES VALUES(10214564,'K','Viviana','Jacqueline','Alarcon','Caceres','15-12-'||TO_CHAR(EXTRACT(YEAR FROM SYSDATE)-29),56982239447,300);
INSERT INTO  ANTECEDENTES_PERSONALES VALUES(3027750,'3','Fidel','Meri','Chavarria','Pacheco','16-04-'||TO_CHAR(EXTRACT(YEAR FROM SYSDATE)-31),56952406038,100);
INSERT INTO  ANTECEDENTES_PERSONALES VALUES(9827836,'2','Jose','Gaston','Rocha','Lara','27-01-'||TO_CHAR(EXTRACT(YEAR FROM SYSDATE)-31),56929544102,1900);
INSERT INTO  ANTECEDENTES_PERSONALES VALUES(11448750,'3','Maria','Nelly','Martinez','Hernandez','12-08-'||TO_CHAR(EXTRACT(YEAR FROM SYSDATE)-31),56974126261,500);
INSERT INTO  ANTECEDENTES_PERSONALES VALUES(3758049,'K','Hector','Rene','Andrade','Faundez','03-05-'||TO_CHAR(EXTRACT(YEAR FROM SYSDATE)-31),56974063821,600);
INSERT INTO  ANTECEDENTES_PERSONALES VALUES(5412514,'3','Maria','Magdalena','Beltran','Jaña','15-10-'||TO_CHAR(EXTRACT(YEAR FROM SYSDATE)-39),56974063823,600);
INSERT INTO  ANTECEDENTES_PERSONALES VALUES(5825975,'6','Gladys','Yolanda','Echeverria','Cifuentes','20-03-'||TO_CHAR(EXTRACT(YEAR FROM SYSDATE)-51),56976838621,600);
INSERT INTO  ANTECEDENTES_PERSONALES VALUES(11293307,'7','Eduardo','Thomas','Castillo','Castillo','29-08-'||TO_CHAR(EXTRACT(YEAR FROM SYSDATE)-51),56974563821,1400);
INSERT INTO  ANTECEDENTES_PERSONALES VALUES(4582433,'0','Bartolome','Ignacio','Parra','Parra','22-05-'||TO_CHAR(EXTRACT(YEAR FROM SYSDATE)-51),56973814523,1400);
INSERT INTO  ANTECEDENTES_PERSONALES VALUES(5693955,'5','Gabriel','Carmen','Vivallos','Riquelme','05-05-'||TO_CHAR(EXTRACT(YEAR FROM SYSDATE)-54),56973814526,100);
INSERT INTO  ANTECEDENTES_PERSONALES VALUES(6135687,'8','Enrique','Carmen','Morales','Silva','10-07-'||TO_CHAR(EXTRACT(YEAR FROM SYSDATE)-54),56973814529,100);
INSERT INTO  ANTECEDENTES_PERSONALES VALUES(11292307,'9','Carlos','Alfonso','Mejias','Morales','10-05-'||TO_CHAR(EXTRACT(YEAR FROM SYSDATE)-55),56973814522,1500);
INSERT INTO  ANTECEDENTES_PERSONALES VALUES(10282370,'K','Tania','Alejandra','Bahamondez','Perez','02-08-'||TO_CHAR(EXTRACT(YEAR FROM SYSDATE)-54),56973811523,600);
INSERT INTO  ANTECEDENTES_PERSONALES VALUES(10573148,'5','Francisco','Fuentes','Gonzalez','Zapata','07-12-'||TO_CHAR(EXTRACT(YEAR FROM SYSDATE)-31),56973812523,600);
INSERT INTO  ANTECEDENTES_PERSONALES VALUES(13765749,'K','Jose','Badilla','Leal','Muñoz','14-08-'||TO_CHAR(EXTRACT(YEAR FROM SYSDATE)-37),56973813523,400);
INSERT INTO  ANTECEDENTES_PERSONALES VALUES(13996528,'0','Ana','Rosario','Betanzo','Turner','16-08-'||TO_CHAR(EXTRACT(YEAR FROM SYSDATE)-50),56973816523,500);
INSERT INTO  ANTECEDENTES_PERSONALES VALUES(14030150,'7','Blanca','Mendoza','Rojas','Hormazabal','23-06-'||TO_CHAR(EXTRACT(YEAR FROM SYSDATE)-51),56973817523,1100);
INSERT INTO  ANTECEDENTES_PERSONALES VALUES(10863274,'7','Isidoro','Ordenes','Hormazabal','Fuentealba','28-07-'||TO_CHAR(EXTRACT(YEAR FROM SYSDATE)-51),56984907703,300);
INSERT INTO  ANTECEDENTES_PERSONALES VALUES(13877357,'4','Gregoria','Gonzalez','Castillo','Caceres','15-12-'||TO_CHAR(EXTRACT(YEAR FROM SYSDATE)-59),56984907705,800);
INSERT INTO  ANTECEDENTES_PERSONALES VALUES(14353190,'2','Margarita','Cares','Urrutia','Pacheco','16-04-'||TO_CHAR(EXTRACT(YEAR FROM SYSDATE)-51),56984907707,1100);
INSERT INTO  ANTECEDENTES_PERSONALES VALUES(12382007,'K','Carlos','Mejias','Morales','Lara','27-01-'||TO_CHAR(EXTRACT(YEAR FROM SYSDATE)-51),56984907709,300);
INSERT INTO  ANTECEDENTES_PERSONALES VALUES(9509590,'9','Gabriel','Vivallos','Riquelme','Hernandez','12-08-'||TO_CHAR(EXTRACT(YEAR FROM SYSDATE)-51),56982007703,300);
INSERT INTO  ANTECEDENTES_PERSONALES VALUES(7555800,'7','Maria', 'Martinez','Hernandez','Faundez','03-05-'||TO_CHAR(EXTRACT(YEAR FROM SYSDATE)-41),56983007703,1800);
INSERT INTO  ANTECEDENTES_PERSONALES VALUES(13770506,'0','Eduardo','Castillo','Castillo','Jara','15-10-'||TO_CHAR(EXTRACT(YEAR FROM SYSDATE)-49),56984007703,600);
INSERT INTO  ANTECEDENTES_PERSONALES VALUES(10726792,'1','Viviana','Alarcon','Caceres','Cifuentes','20-03-'||TO_CHAR(EXTRACT(YEAR FROM SYSDATE)-41),56985007703,1700);
INSERT INTO  ANTECEDENTES_PERSONALES VALUES(7283959,'5','Manuel','Aravena','Fuentealba','Castillo','29-08-'||TO_CHAR(EXTRACT(YEAR FROM SYSDATE)-41),56986007703,600);
INSERT INTO  ANTECEDENTES_PERSONALES VALUES(10066612,'K','Luis','Jara','Urbina','Parra','22-05-'||TO_CHAR(EXTRACT(YEAR FROM SYSDATE)-41),56987007703,1300);
INSERT INTO  ANTECEDENTES_PERSONALES VALUES(11574234,'5','Maureen','Hernandez','Zapata','Riquelme','05-05-'||TO_CHAR(EXTRACT(YEAR FROM SYSDATE)-44),56988007703,100);
INSERT INTO  ANTECEDENTES_PERSONALES VALUES(10805156,'6','Maria','Beltran','Garcia','Silva','10-07-'||TO_CHAR(EXTRACT(YEAR FROM SYSDATE)-51),56977918239,100);
INSERT INTO  ANTECEDENTES_PERSONALES VALUES(11959215,'1','Fidel','Chavarria','Pacheco','Morales','10-05-'||TO_CHAR(EXTRACT(YEAR FROM SYSDATE)-55),56987653212,700);
INSERT INTO  ANTECEDENTES_PERSONALES VALUES(10006101,'5','Jose','Rocha','Lara','Perez','02-08-'||TO_CHAR(EXTRACT(YEAR FROM SYSDATE)-54),56987654576,700);


INSERT INTO  ANTECEDENTES_LABORALES VALUES('3126425','21/08/'||TO_CHAR(EXTRACT(YEAR FROM SYSDATE)-26),25,'Hospital Dr. Juan Noé Crevanni',10);
INSERT INTO  ANTECEDENTES_LABORALES VALUES('3126425','01/02/'||TO_CHAR(EXTRACT(YEAR FROM SYSDATE)-18),15,'Centro de Salud Familiar Remigio Sapunar',10);
INSERT INTO  ANTECEDENTES_LABORALES VALUES('5588583','23/08/'||TO_CHAR(EXTRACT(YEAR FROM SYSDATE)-27),20,'Hospital Dr. Ernesto Torres Galdames',20);
INSERT INTO  ANTECEDENTES_LABORALES VALUES('5588583','23/08/'||TO_CHAR(EXTRACT(YEAR FROM SYSDATE)-19),10,'Centro de Salud Familiar Cirujano Videla',20);
INSERT INTO  ANTECEDENTES_LABORALES VALUES('3490261','09/05/'||TO_CHAR(EXTRACT(YEAR FROM SYSDATE)-28),15,'Hospital Dr. Leonardo Guzmán',30);
INSERT INTO  ANTECEDENTES_LABORALES VALUES('6231787','24/08/'||TO_CHAR(EXTRACT(YEAR FROM SYSDATE)-28),30,'Hospital San José del Carmen',40);
INSERT INTO  ANTECEDENTES_LABORALES VALUES('6010332','04/07/'||TO_CHAR(EXTRACT(YEAR FROM SYSDATE)-27),35,'Hospital San Pablo',50);
INSERT INTO  ANTECEDENTES_LABORALES VALUES('6117105','15/05/'||TO_CHAR(EXTRACT(YEAR FROM SYSDATE)-26),30,'Hospital Dr. Víctor Hugo Moll (Cabildo)',60);
INSERT INTO  ANTECEDENTES_LABORALES VALUES('6475751','27/09/'||TO_CHAR(EXTRACT(YEAR FROM SYSDATE)-29),27,'Instituto de Rehabilitación Infantil TELETÓN (Antofagasta)',30);
INSERT INTO  ANTECEDENTES_LABORALES VALUES('7327526','02/06/'||TO_CHAR(EXTRACT(YEAR FROM SYSDATE)-21),20,'Hospital Dr. Juan Noé Crevanni',10);
INSERT INTO  ANTECEDENTES_LABORALES VALUES('6783834','20/04/'||TO_CHAR(EXTRACT(YEAR FROM SYSDATE)-25),15,'Hospital Dr. Ernesto Torres Galdames',20);
INSERT INTO  ANTECEDENTES_LABORALES VALUES('9169312','11/12/'||TO_CHAR(EXTRACT(YEAR FROM SYSDATE)-25),28,'Hospital Del Salvador (Santiago, Providencia)',120);
INSERT INTO  ANTECEDENTES_LABORALES VALUES('14284031','25/03/'||TO_CHAR(EXTRACT(YEAR FROM SYSDATE)-15),10,'Hospital Del Salvador (Santiago, Providencia)',120);
INSERT INTO  ANTECEDENTES_LABORALES VALUES('6751207','05/08/'||TO_CHAR(EXTRACT(YEAR FROM SYSDATE)-28),20,'Hospital Carlos Van Buren (Valparaíso)',70);
INSERT INTO  ANTECEDENTES_LABORALES VALUES('6751207','05/08/'||TO_CHAR(EXTRACT(YEAR FROM SYSDATE)-19),10,'Hospital Dr. Gustavo Fricke (Viña del Mar)',70);
INSERT INTO  ANTECEDENTES_LABORALES VALUES('10834039','11/03/'||TO_CHAR(EXTRACT(YEAR FROM SYSDATE)-15),30,'Hospital Clínico Metropolitano El Carmen Doctor Luis Valentín Ferrada',120);
INSERT INTO  ANTECEDENTES_LABORALES VALUES('10834039','07/12/'||TO_CHAR(EXTRACT(YEAR FROM SYSDATE)-15),10,'Hospital Del Salvador (Santiago, Providencia)',120);
INSERT INTO  ANTECEDENTES_LABORALES VALUES('11959315','17/11/'||TO_CHAR(EXTRACT(YEAR FROM SYSDATE)-15),35,'Instituto de Neurocirugía Dr. Alfonso Asenjo',130);
INSERT INTO  ANTECEDENTES_LABORALES VALUES('13604392','19/02/'||TO_CHAR(EXTRACT(YEAR FROM SYSDATE)-19),10,'Hospital Regional de Rancagua',150);
INSERT INTO  ANTECEDENTES_LABORALES VALUES('14490825','07/12/'||TO_CHAR(EXTRACT(YEAR FROM SYSDATE)-20),20,'Hospital Dr. César Garavagno Burotto (Talca)',160);
INSERT INTO  ANTECEDENTES_LABORALES VALUES('14490825','07/12/'||TO_CHAR(EXTRACT(YEAR FROM SYSDATE)-15),12,'Hospital de Campaña de Italia (Talca)',160);
INSERT INTO  ANTECEDENTES_LABORALES VALUES('4808258','14/08/'||TO_CHAR(EXTRACT(YEAR FROM SYSDATE)-27),30,'Hospital Clínico Chillan Herminda Martín',170);
INSERT INTO  ANTECEDENTES_LABORALES VALUES('6543007','16/08/'||TO_CHAR(EXTRACT(YEAR FROM SYSDATE)-20),28,'Hospital Clínico Chillan Herminda Martín',170);
INSERT INTO  ANTECEDENTES_LABORALES VALUES('3943337','23/06/'||TO_CHAR(EXTRACT(YEAR FROM SYSDATE)-29),20,'Hospital Clínico Regional Dr. Guillermo Grant Benavente (Concepción)',180);
INSERT INTO  ANTECEDENTES_LABORALES VALUES('5644453','28/07/'||TO_CHAR(EXTRACT(YEAR FROM SYSDATE)-20),15,'Hospital Dr. Mauricio Heyermann (Angol)',230);
INSERT INTO  ANTECEDENTES_LABORALES VALUES('10214564','15/12/'||TO_CHAR(EXTRACT(YEAR FROM SYSDATE)-19),20,'Hospital Clínico Regional (Valdivia)',240);
INSERT INTO  ANTECEDENTES_LABORALES VALUES('3027750','16/04/'||TO_CHAR(EXTRACT(YEAR FROM SYSDATE)-23),28,'Hospital Base San José de Osorno',250);
INSERT INTO  ANTECEDENTES_LABORALES VALUES('9827836','27/01/'||TO_CHAR(EXTRACT(YEAR FROM SYSDATE)-25),20,'Hospital de Puerto Aysén)',280);
INSERT INTO  ANTECEDENTES_LABORALES VALUES('9827836','27/01/'||TO_CHAR(EXTRACT(YEAR FROM SYSDATE)-19),15,'Hospital Dr. Leopoldo Ortega R. (Chile Chico)',280);
INSERT INTO  ANTECEDENTES_LABORALES VALUES('11448750','12/08/'||TO_CHAR(EXTRACT(YEAR FROM SYSDATE)-22),28,'Hospital Lord Cochrane',280);
INSERT INTO  ANTECEDENTES_LABORALES VALUES('3758049','03/05/'||TO_CHAR(EXTRACT(YEAR FROM SYSDATE)-25),30,'Hospital Naval (Puerto Williams) (D)',290);
INSERT INTO  ANTECEDENTES_LABORALES VALUES('5412514','15/10/'||TO_CHAR(EXTRACT(YEAR FROM SYSDATE)-29),28,'Hospital Clínico de Magallanes Dr. Lautaro Navarro Avaria',290);
INSERT INTO  ANTECEDENTES_LABORALES VALUES('5825975','20/03/'||TO_CHAR(EXTRACT(YEAR FROM SYSDATE)-27),30,'Hospital Regional de Rancagua',150);
INSERT INTO  ANTECEDENTES_LABORALES VALUES('11293307','29/08/'||TO_CHAR(EXTRACT(YEAR FROM SYSDATE)-16),12,'Hospital de Curepto',160);
INSERT INTO  ANTECEDENTES_LABORALES VALUES('11293307','15/12/'||TO_CHAR(EXTRACT(YEAR FROM SYSDATE)-9),28,'Posta de Salud Rural Cordillerilla',160);
INSERT INTO  ANTECEDENTES_LABORALES VALUES('4582433','01/08/'||TO_CHAR(EXTRACT(YEAR FROM SYSDATE)-24),38,'Hospital Dr. Félix Bulnes Cerda (Santiago, Quinta Normal)',130);
INSERT INTO  ANTECEDENTES_LABORALES VALUES('5693955','05/05/'||TO_CHAR(EXTRACT(YEAR FROM SYSDATE)-24),20,'Hospital Las Higueras (Talcahuano)',190);
INSERT INTO  ANTECEDENTES_LABORALES VALUES('6135687','10/07/'||TO_CHAR(EXTRACT(YEAR FROM SYSDATE)-24),18,'Hospital Las Higueras (Talcahuano)',190);
INSERT INTO  ANTECEDENTES_LABORALES VALUES('11292307','10/05/'||TO_CHAR(EXTRACT(YEAR FROM SYSDATE)-15),23,'Hospital de Niños Dr. Luis Calvo Mackenna (Santiago, Providencia)',120);
INSERT INTO  ANTECEDENTES_LABORALES VALUES('11292307','16/04/'||TO_CHAR(EXTRACT(YEAR FROM SYSDATE)-13),17,'	Hospital Del Salvador (Santiago, Providencia)',120);
INSERT INTO  ANTECEDENTES_LABORALES VALUES('10282370','02/08/'||TO_CHAR(EXTRACT(YEAR FROM SYSDATE)-24),20,'	Hospital Clínico Regional (Valdivia)',240);
INSERT INTO  ANTECEDENTES_LABORALES VALUES('10282370','27/01/'||TO_CHAR(EXTRACT(YEAR FROM SYSDATE)-11),20,'Hospital de Los Lagos',240);
INSERT INTO  ANTECEDENTES_LABORALES VALUES('9509590','28/07/'||TO_CHAR(EXTRACT(YEAR FROM SYSDATE)-20),25,'Hospital Dr. Ernesto Torres Galdames',20);
INSERT INTO  ANTECEDENTES_LABORALES VALUES('10573148','12/08/'||TO_CHAR(EXTRACT(YEAR FROM SYSDATE)-12),35,'Hospital de Castro',270);
INSERT INTO  ANTECEDENTES_LABORALES VALUES('7555800','03/05/'||TO_CHAR(EXTRACT(YEAR FROM SYSDATE)-25),20,'Hospital Dr. Félix Bulnes Cerda (Santiago, Quinta Normal)',130);
INSERT INTO  ANTECEDENTES_LABORALES VALUES('7555800','03/05/'||TO_CHAR(EXTRACT(YEAR FROM SYSDATE)-26),10,'Hospital Dr. Exequiel González Cortés (Santiago, San Miguel)',130);
INSERT INTO  ANTECEDENTES_LABORALES VALUES('13770506','15/10/'||TO_CHAR(EXTRACT(YEAR FROM SYSDATE)-19),10,'SAPU Aníbal Ariztía',120);
INSERT INTO  ANTECEDENTES_LABORALES VALUES('10726792','20/03/'||TO_CHAR(EXTRACT(YEAR FROM SYSDATE)-17),20,'Hospital Dr. Exequiel González Cortés (Santiago, San Miguel',140);
INSERT INTO  ANTECEDENTES_LABORALES VALUES('10726792','20/03/'||TO_CHAR(EXTRACT(YEAR FROM SYSDATE)-15),20,'Hospital Barros Luco Trudeau (Santiago, San Miguel)',140);
INSERT INTO  ANTECEDENTES_LABORALES VALUES('7283959','29/08/'||TO_CHAR(EXTRACT(YEAR FROM SYSDATE)-26),30,'	Hospital de Puerto Aysén',280);
INSERT INTO  ANTECEDENTES_LABORALES VALUES('10066612','22/05/'||TO_CHAR(EXTRACT(YEAR FROM SYSDATE)-14),25,'Hospital Clínico de Magallanes Dr. Lautaro Navarro Avaria',290);
INSERT INTO  ANTECEDENTES_LABORALES VALUES('10066612','22/05/'||TO_CHAR(EXTRACT(YEAR FROM SYSDATE)-13),15,'Hospital Naval (Puerto Williams) (D)',290);
INSERT INTO  ANTECEDENTES_LABORALES VALUES('11574234','05/05/'||TO_CHAR(EXTRACT(YEAR FROM SYSDATE)-17),20,'Hospital San Pedro (Los Vilos)',50);
INSERT INTO  ANTECEDENTES_LABORALES VALUES('10805156','10/07/'||TO_CHAR(EXTRACT(YEAR FROM SYSDATE)-24),30,'Hospital San José del Carmen (Coquimbo)',40);
INSERT INTO  ANTECEDENTES_LABORALES VALUES('11959215','10/05/'||TO_CHAR(EXTRACT(YEAR FROM SYSDATE)-25),8,'Centro Comunitario de Salud Familiar Faustino González',160);
INSERT INTO  ANTECEDENTES_LABORALES VALUES('10006101','02/08/'||TO_CHAR(EXTRACT(YEAR FROM SYSDATE)-24),18,'Hospital San Juan de Dios (Santiago, Santiago)',90);
INSERT INTO  ANTECEDENTES_LABORALES VALUES('10863274','28/07/'||TO_CHAR(EXTRACT(YEAR FROM SYSDATE)-20),10,'Hospital Dr. Hernán Henríquez Aravena (Temuco)',230);
INSERT INTO  ANTECEDENTES_LABORALES VALUES('12382007','27/01/'||TO_CHAR(EXTRACT(YEAR FROM SYSDATE)-21),18,'Hospital Dr. Augusto Essmann Burgos ( Natales)',290);
INSERT INTO  ANTECEDENTES_LABORALES VALUES('13765749','14/08/'||TO_CHAR(EXTRACT(YEAR FROM SYSDATE)-17),15,'Hospital Clínico San Borja)',90);
INSERT INTO  ANTECEDENTES_LABORALES VALUES('13877357','15/12/'||TO_CHAR(EXTRACT(YEAR FROM SYSDATE)-19),25,'Centro de Salud Familiar Víctor Bertín Soto',10);
INSERT INTO  ANTECEDENTES_LABORALES VALUES('13996528','16/08/'||TO_CHAR(EXTRACT(YEAR FROM SYSDATE)-20),10,'Complejo Hospitalario San José (Santiago, Independencia)',110);
INSERT INTO  ANTECEDENTES_LABORALES VALUES('13996528','01/10/'||TO_CHAR(EXTRACT(YEAR FROM SYSDATE)-18),8,'Hospital Clínico Metropolitano La Florida Dra. Eloisa Díaz Inzunza',140);
INSERT INTO  ANTECEDENTES_LABORALES VALUES('14030150','23/06/'||TO_CHAR(EXTRACT(YEAR FROM SYSDATE)-19),15,'Hospital Metropolitano (Ex Militar, Santiago, Providencia)',120);
INSERT INTO  ANTECEDENTES_LABORALES VALUES('14353190','16/04/'||TO_CHAR(EXTRACT(YEAR FROM SYSDATE)-13),30,'Hospital de Puerto Aysén',280);

INSERT INTO  POSTULACION_PROGRAMA_ESPEC VALUES(3126425,1016,'01/04/'||TO_CHAR(EXTRACT(YEAR FROM SYSDATE)+1),'05/06/'||TO_CHAR(EXTRACT(YEAR FROM SYSDATE)+1));
INSERT INTO  POSTULACION_PROGRAMA_ESPEC VALUES(5588583,1021,'01/04/'||TO_CHAR(EXTRACT(YEAR FROM SYSDATE)+1),'05/12/'||TO_CHAR(EXTRACT(YEAR FROM SYSDATE)+1));
INSERT INTO  POSTULACION_PROGRAMA_ESPEC VALUES(3490261,1011,'06/07/'||TO_CHAR(EXTRACT(YEAR FROM SYSDATE)+1),'30/11/'||TO_CHAR(EXTRACT(YEAR FROM SYSDATE)+1));
INSERT INTO  POSTULACION_PROGRAMA_ESPEC VALUES(6231787,1016,'06/07/'||TO_CHAR(EXTRACT(YEAR FROM SYSDATE)+1),'30/11/'||TO_CHAR(EXTRACT(YEAR FROM SYSDATE)+1));
INSERT INTO  POSTULACION_PROGRAMA_ESPEC VALUES(6010332,1015,'04/04/'||TO_CHAR(EXTRACT(YEAR FROM SYSDATE)+1),'24/08/'||TO_CHAR(EXTRACT(YEAR FROM SYSDATE)+1));
INSERT INTO  POSTULACION_PROGRAMA_ESPEC VALUES(6117105,1015,'04/04/'||TO_CHAR(EXTRACT(YEAR FROM SYSDATE)+1),'24/08/'||TO_CHAR(EXTRACT(YEAR FROM SYSDATE)+1));
INSERT INTO  POSTULACION_PROGRAMA_ESPEC VALUES(6475751,1015,'18/04/'||TO_CHAR(EXTRACT(YEAR FROM SYSDATE)+1),'21/10/'||TO_CHAR(EXTRACT(YEAR FROM SYSDATE)+1));
INSERT INTO  POSTULACION_PROGRAMA_ESPEC VALUES(7327526,1015,'01/04/'||TO_CHAR(EXTRACT(YEAR FROM SYSDATE)+1),'17/10/'||TO_CHAR(EXTRACT(YEAR FROM SYSDATE)+1));
INSERT INTO  POSTULACION_PROGRAMA_ESPEC VALUES(6783834,1024,'06/08/'||TO_CHAR(EXTRACT(YEAR FROM SYSDATE)+1),'19/12/'||TO_CHAR(EXTRACT(YEAR FROM SYSDATE)+1));
INSERT INTO  POSTULACION_PROGRAMA_ESPEC VALUES(9169312,1023,'04/03/'||TO_CHAR(EXTRACT(YEAR FROM SYSDATE)+1),'14/07/'||TO_CHAR(EXTRACT(YEAR FROM SYSDATE)+1));
INSERT INTO  POSTULACION_PROGRAMA_ESPEC VALUES(14284031,1018,'04/03/'||TO_CHAR(EXTRACT(YEAR FROM SYSDATE)+1),'14/07/'||TO_CHAR(EXTRACT(YEAR FROM SYSDATE)+1));
INSERT INTO  POSTULACION_PROGRAMA_ESPEC VALUES(6751207,1004,'18/04/'||TO_CHAR(EXTRACT(YEAR FROM SYSDATE)+1),'21/10/'||TO_CHAR(EXTRACT(YEAR FROM SYSDATE)+1));
INSERT INTO  POSTULACION_PROGRAMA_ESPEC VALUES(10834039,1019,'21/01/'||TO_CHAR(EXTRACT(YEAR FROM SYSDATE)+1),'12/07/'||TO_CHAR(EXTRACT(YEAR FROM SYSDATE)+1));
INSERT INTO  POSTULACION_PROGRAMA_ESPEC VALUES(11959315,1011,'21/03/'||TO_CHAR(EXTRACT(YEAR FROM SYSDATE)+1),'12/09/'||TO_CHAR(EXTRACT(YEAR FROM SYSDATE)+1));
INSERT INTO  POSTULACION_PROGRAMA_ESPEC VALUES(13604392,1017,'12/05/'||TO_CHAR(EXTRACT(YEAR FROM SYSDATE)+1),'12/09/'||TO_CHAR(EXTRACT(YEAR FROM SYSDATE)+1));
INSERT INTO  POSTULACION_PROGRAMA_ESPEC VALUES(14490825,1025,'12/05/'||TO_CHAR(EXTRACT(YEAR FROM SYSDATE)+1),'12/09/'||TO_CHAR(EXTRACT(YEAR FROM SYSDATE)+1));
INSERT INTO  POSTULACION_PROGRAMA_ESPEC VALUES(4808258,1023,'06/08/'||TO_CHAR(EXTRACT(YEAR FROM SYSDATE)+1),'06/12/'||TO_CHAR(EXTRACT(YEAR FROM SYSDATE)+1));
INSERT INTO  POSTULACION_PROGRAMA_ESPEC VALUES(6543007,1002,'06/01/'||TO_CHAR(EXTRACT(YEAR FROM SYSDATE)+1),'12/05/'||TO_CHAR(EXTRACT(YEAR FROM SYSDATE)+1));
INSERT INTO  POSTULACION_PROGRAMA_ESPEC VALUES(3943337,1002,'01/06/'||TO_CHAR(EXTRACT(YEAR FROM SYSDATE)+1),'31/10'||TO_CHAR(EXTRACT(YEAR FROM SYSDATE)+1));
INSERT INTO  POSTULACION_PROGRAMA_ESPEC VALUES(5644453,1002,'27/03/'||TO_CHAR(EXTRACT(YEAR FROM SYSDATE)+1),'27/07'||TO_CHAR(EXTRACT(YEAR FROM SYSDATE)+1));
INSERT INTO  POSTULACION_PROGRAMA_ESPEC VALUES(10214564,1002,'27/10/'||TO_CHAR(EXTRACT(YEAR FROM SYSDATE)+1),'28/01'||TO_CHAR(EXTRACT(YEAR FROM SYSDATE)+2));
INSERT INTO  POSTULACION_PROGRAMA_ESPEC VALUES(3027750,1001,'20/03/'||TO_CHAR(EXTRACT(YEAR FROM SYSDATE)+1),'28/09'||TO_CHAR(EXTRACT(YEAR FROM SYSDATE)+1));
INSERT INTO  POSTULACION_PROGRAMA_ESPEC VALUES(9827836,1023,'07/03/'||TO_CHAR(EXTRACT(YEAR FROM SYSDATE)+1),'08/07'||TO_CHAR(EXTRACT(YEAR FROM SYSDATE)+1));
INSERT INTO  POSTULACION_PROGRAMA_ESPEC VALUES(11448750,1000,'07/03/'||TO_CHAR(EXTRACT(YEAR FROM SYSDATE)+1),'08/07'||TO_CHAR(EXTRACT(YEAR FROM SYSDATE)+1));
INSERT INTO  POSTULACION_PROGRAMA_ESPEC VALUES(3758049,1009,'07/05/'||TO_CHAR(EXTRACT(YEAR FROM SYSDATE)+1),'29/09/'||TO_CHAR(EXTRACT(YEAR FROM SYSDATE)+1));
INSERT INTO  POSTULACION_PROGRAMA_ESPEC VALUES(5412514,1008,'04/09/'||TO_CHAR(EXTRACT(YEAR FROM SYSDATE)+1),'29/12/'||TO_CHAR(EXTRACT(YEAR FROM SYSDATE)+1));
INSERT INTO  POSTULACION_PROGRAMA_ESPEC VALUES(5825975,1006,'27/05/'||TO_CHAR(EXTRACT(YEAR FROM SYSDATE)+1),'07/10/'||TO_CHAR(EXTRACT(YEAR FROM SYSDATE)+1));
INSERT INTO  POSTULACION_PROGRAMA_ESPEC VALUES(11293307,1005,'27/05/'||TO_CHAR(EXTRACT(YEAR FROM SYSDATE)+1),'07/10/'||TO_CHAR(EXTRACT(YEAR FROM SYSDATE)+1));
INSERT INTO  POSTULACION_PROGRAMA_ESPEC VALUES(4582433,1005,'19/05/'||TO_CHAR(EXTRACT(YEAR FROM SYSDATE)+1),'18/09/'||TO_CHAR(EXTRACT(YEAR FROM SYSDATE)+1));
INSERT INTO  POSTULACION_PROGRAMA_ESPEC VALUES(5693955,1001,'22/06/'||TO_CHAR(EXTRACT(YEAR FROM SYSDATE)+1),'25/10/'||TO_CHAR(EXTRACT(YEAR FROM SYSDATE)+1));
INSERT INTO  POSTULACION_PROGRAMA_ESPEC VALUES(6135687,1001,'22/08/'||TO_CHAR(EXTRACT(YEAR FROM SYSDATE)+1),'23/12/'||TO_CHAR(EXTRACT(YEAR FROM SYSDATE)+1));
INSERT INTO  POSTULACION_PROGRAMA_ESPEC VALUES(11292307,1021,'04/03/'||TO_CHAR(EXTRACT(YEAR FROM SYSDATE)+1),'23/08/'||TO_CHAR(EXTRACT(YEAR FROM SYSDATE)+1));
INSERT INTO  POSTULACION_PROGRAMA_ESPEC VALUES(10282370,1010,'22/08/'||TO_CHAR(EXTRACT(YEAR FROM SYSDATE)+1),'23/12/'||TO_CHAR(EXTRACT(YEAR FROM SYSDATE)+1));
INSERT INTO  POSTULACION_PROGRAMA_ESPEC VALUES(10573148,1018,'22/03/'||TO_CHAR(EXTRACT(YEAR FROM SYSDATE)+1),'23/10/'||TO_CHAR(EXTRACT(YEAR FROM SYSDATE)+1));
INSERT INTO  POSTULACION_PROGRAMA_ESPEC VALUES(13765749,1006,'22/03/'||TO_CHAR(EXTRACT(YEAR FROM SYSDATE)+1),'23/10/'||TO_CHAR(EXTRACT(YEAR FROM SYSDATE)+1));
INSERT INTO  POSTULACION_PROGRAMA_ESPEC VALUES(13996528,1000,'17/06/'||TO_CHAR(EXTRACT(YEAR FROM SYSDATE)+1),'23/03/'||TO_CHAR(EXTRACT(YEAR FROM SYSDATE)+2));
INSERT INTO  POSTULACION_PROGRAMA_ESPEC VALUES(14030150,1017,'17/06/'||TO_CHAR(EXTRACT(YEAR FROM SYSDATE)+1),'23/03/'||TO_CHAR(EXTRACT(YEAR FROM SYSDATE)+2));
INSERT INTO  POSTULACION_PROGRAMA_ESPEC VALUES(10863274,1002,'22/03/'||TO_CHAR(EXTRACT(YEAR FROM SYSDATE)+1),'23/10/'||TO_CHAR(EXTRACT(YEAR FROM SYSDATE)+1));
INSERT INTO  POSTULACION_PROGRAMA_ESPEC VALUES(13877357,1011,'16/03/'||TO_CHAR(EXTRACT(YEAR FROM SYSDATE)+1),'15/10/'||TO_CHAR(EXTRACT(YEAR FROM SYSDATE)+1));
INSERT INTO  POSTULACION_PROGRAMA_ESPEC VALUES(14353190,1017,'16/03/'||TO_CHAR(EXTRACT(YEAR FROM SYSDATE)+1),'15/10/'||TO_CHAR(EXTRACT(YEAR FROM SYSDATE)+1));
INSERT INTO  POSTULACION_PROGRAMA_ESPEC VALUES(12382007,1002,'22/03/'||TO_CHAR(EXTRACT(YEAR FROM SYSDATE)+1),'23/10/'||TO_CHAR(EXTRACT(YEAR FROM SYSDATE)+1));
INSERT INTO  POSTULACION_PROGRAMA_ESPEC VALUES(9509590,1002,'22/07/'||TO_CHAR(EXTRACT(YEAR FROM SYSDATE)+1),'24/10/'||TO_CHAR(EXTRACT(YEAR FROM SYSDATE)+1));
INSERT INTO  POSTULACION_PROGRAMA_ESPEC VALUES(7555800,1022,'13/04/'||TO_CHAR(EXTRACT(YEAR FROM SYSDATE)+1),'04/10/'||TO_CHAR(EXTRACT(YEAR FROM SYSDATE)+1));
INSERT INTO  POSTULACION_PROGRAMA_ESPEC VALUES(13770506,1000,'19/03/'||TO_CHAR(EXTRACT(YEAR FROM SYSDATE)+1),'27/08/'||TO_CHAR(EXTRACT(YEAR FROM SYSDATE)+1));
INSERT INTO  POSTULACION_PROGRAMA_ESPEC VALUES(10726792,1024,'13/04/'||TO_CHAR(EXTRACT(YEAR FROM SYSDATE)+1),'04/10/'||TO_CHAR(EXTRACT(YEAR FROM SYSDATE)+1));
INSERT INTO  POSTULACION_PROGRAMA_ESPEC VALUES(7283959,1000,'22/08/'||TO_CHAR(EXTRACT(YEAR FROM SYSDATE)+1),'23/12/'||TO_CHAR(EXTRACT(YEAR FROM SYSDATE)+1));
INSERT INTO  POSTULACION_PROGRAMA_ESPEC VALUES(10066612,1021,'12/08/'||TO_CHAR(EXTRACT(YEAR FROM SYSDATE)+1),'23/02/'||TO_CHAR(EXTRACT(YEAR FROM SYSDATE)+2));
INSERT INTO  POSTULACION_PROGRAMA_ESPEC VALUES(11574234,1010,'08/03/'||TO_CHAR(EXTRACT(YEAR FROM SYSDATE)+1),'23/10/'||TO_CHAR(EXTRACT(YEAR FROM SYSDATE)+1));
INSERT INTO  POSTULACION_PROGRAMA_ESPEC VALUES(10805156,1008,'03/08/'||TO_CHAR(EXTRACT(YEAR FROM SYSDATE)+1),'23/02/'||TO_CHAR(EXTRACT(YEAR FROM SYSDATE)+2));
INSERT INTO  POSTULACION_PROGRAMA_ESPEC VALUES(11959215,1008,'23/04/'||TO_CHAR(EXTRACT(YEAR FROM SYSDATE)+1),'23/11/'||TO_CHAR(EXTRACT(YEAR FROM SYSDATE)+1));
INSERT INTO  POSTULACION_PROGRAMA_ESPEC VALUES(10006101,1025,'09/04/'||TO_CHAR(EXTRACT(YEAR FROM SYSDATE)+1),'10/09/'||TO_CHAR(EXTRACT(YEAR FROM SYSDATE)+1));
COMMIT;